{
    "stats": [
        {
            "statName": "공격력",
            "baseValue": 10000.0,
            "currentValue": 60000.0,
            "maxValue": 9999999980506448000.0,
            "statLevel": 3.0,
            "baseCost": 30.0,
            "levelUpCost": 43.20000076293945
        },
        {
            "statName": "생명력",
            "baseValue": 100000.0,
            "currentValue": 100000.0,
            "maxValue": 9.999999778196309e22,
            "statLevel": 1.0,
            "baseCost": 50.0,
            "levelUpCost": 50.0
        },
        {
            "statName": "치명타확률",
            "baseValue": 0.10000000149011612,
            "currentValue": 0.10000000149011612,
            "maxValue": 100.0,
            "statLevel": 1.0,
            "baseCost": 100.0,
            "levelUpCost": 100.0
        },
        {
            "statName": "치명타데미지",
            "baseValue": 20.0,
            "currentValue": 20.0,
            "maxValue": 1000000.0,
            "statLevel": 1.0,
            "baseCost": 75.0,
            "levelUpCost": 75.0
        }
    ],
    "playerName": "asd",
    "playerGold": 34.0
}